cuisines,uses pork,mostly vegetarian,spicy,use lactose
Afghani,Yes,Yes,No,Yes
African,No,Yes,Yes,Yes
"African, Portuguese",Yes,Yes,Yes,No
American,No,No,No,Yes
Andhra,No,Yes,Yes,Yes
Arabian,Yes,Yes,No,No
"Arabian, Lebanese",No,No,No,Yes
"Arabian, Mexican",Yes,Yes,No,Yes
"Arabian, Middle Eastern",Yes,No,Yes,Yes
Asian,Yes,Yes,Yes,Yes
Assamese,Yes,No,No,Yes
Australian,No,Yes,Yes,Yes
Awadhi,Yes,Yes,Yes,No
"Awadhi, Mughlai",No,Yes,No,No
Bakery,Yes,No,No,No
Bar Food,Yes,No,Yes,Yes
"Bar Food, Brazilian",Yes,No,No,Yes
"Bar Food, Modern Australian",Yes,No,No,No
"Bar Food, Sandwich, Seafood",No,No,Yes,Yes
"Bar Food, Seafood, Vegetarian",No,Yes,No,Yes
"Bar Food, Steak",Yes,Yes,Yes,Yes
BBQ,Yes,Yes,Yes,Yes
"BBQ, Breakfast, Southern",Yes,No,Yes,Yes
"BBQ, Caribbean, Cajun",Yes,No,Yes,Yes
"BBQ, Caribbean, Seafood",No,Yes,Yes,Yes
"BBQ, Grill, Brazilian",No,Yes,Yes,No
"BBQ, Sandwich",No,Yes,Yes,Yes
"BBQ, Southern",Yes,Yes,Yes,No
Bengali,No,Yes,Yes,Yes
"Bengali, Seafood",No,Yes,No,Yes
Beverages,Yes,No,Yes,Yes
Bihari,Yes,Yes,No,Yes
Biryani,No,No,Yes,Yes
Brazilian,Yes,No,Yes,Yes
"Brazilian, Bar Food",No,No,No,Yes
"Brazilian, Grill",Yes,Yes,No,Yes
"Brazilian, Mineira",No,Yes,Yes,No
"Brazilian, North Eastern",Yes,Yes,No,No
"Brazilian, Seafood",No,Yes,Yes,No
"Brazilian, Steak",Yes,No,Yes,No
Breakfast,Yes,No,Yes,No
"Breakfast, Cajun",Yes,No,Yes,No
"Breakfast, Coffee and Tea",Yes,Yes,Yes,No
"Breakfast, Coffee and Tea, Modern Australian",No,No,Yes,Yes
"Breakfast, Diner",Yes,No,Yes,Yes
"Breakfast, Diner, Sandwich",Yes,Yes,No,Yes
"Breakfast, Diner, Southern",No,No,Yes,No
"Breakfast, French",Yes,Yes,No,Yes
"Breakfast, Mexican",Yes,Yes,Yes,Yes
"Breakfast, Mexican, Southwestern",No,Yes,No,Yes
"Breakfast, Modern Australian",No,No,Yes,No
"Breakfast, Pizza",Yes,Yes,No,No
"Breakfast, Sandwich",Yes,No,No,No
"Breakfast, Spanish, Tapas",No,Yes,No,Yes
"Breakfast, Vegetarian",Yes,No,Yes,Yes
British,No,Yes,No,No
"British, Bar Food, Sandwich",No,Yes,Yes,Yes
"British, Contemporary",No,Yes,No,Yes
"British, French",No,Yes,Yes,Yes
"British, Scottish, Seafood",Yes,Yes,Yes,No
"British, Steak",No,Yes,Yes,Yes
Burger,No,No,No,Yes
Cafe,Yes,Yes,No,No
Cajun,No,No,Yes,No
Caribbean,No,No,No,Yes
"Caribbean, Mexican, Cajun",No,Yes,No,Yes
"Caribbean, Seafood",No,Yes,Yes,Yes
"Caribbean, Seafood, Steak",No,Yes,Yes,Yes
Chinese,Yes,Yes,No,No
"Coffee and Tea, Mediterranean",Yes,No,No,No
"Coffee and Tea, Modern Australian",No,Yes,Yes,Yes
"Coffee and Tea, Sandwich",Yes,No,No,Yes
"Coffee and Tea, Tapas, Australian",Yes,No,No,No
"Coffee and Tea, Tea, Modern Australian",Yes,No,No,No
Contemporary,No,Yes,Yes,Yes
Continental,Yes,No,Yes,Yes
"Continental, European",Yes,No,Yes,Yes
"Continental, Kerala",No,Yes,Yes,Yes
"Continental, Lebanese, Mexican",No,Yes,No,No
"Continental, Mexican",Yes,Yes,Yes,No
"Continental, Mexican, Mediterranean",Yes,No,Yes,Yes
"Continental, Seafood, Goan, Andhra, Kerala, Thai",No,Yes,Yes,No
"Continental, Tex-Mex",No,No,No,Yes
"Cuban, Spanish",Yes,No,Yes,No
Cuisine Varies,Yes,No,Yes,No
Desserts,No,Yes,Yes,Yes
Drinks Only,Yes,Yes,Yes,Yes
European,Yes,No,No,Yes
"European, Contemporary",Yes,No,Yes,No
"European, Continental",No,No,Yes,Yes
"European, Continental, Pizza",Yes,No,Yes,No
"European, German",Yes,Yes,No,Yes
"European, International, Tapas",Yes,Yes,No,No
"European, Lebanese, Mediterranean",No,Yes,No,No
"European, Mediterranean, Contemporary",Yes,No,Yes,Yes
"European, Pizza",No,Yes,Yes,No
"European, South African",Yes,Yes,No,No
"European, South African, Steak",No,Yes,No,Yes
"European, Spanish",No,No,No,Yes
Fast Food,Yes,Yes,No,Yes
Filipino,Yes,No,Yes,Yes
"Filipino, Mexican",Yes,No,Yes,Yes
Finger Food,No,Yes,Yes,Yes
French,Yes,No,No,No
"French, Kiwi",Yes,Yes,Yes,No
"French, Mediterranean, European",Yes,Yes,Yes,No
"French, Western",No,No,Yes,No
German,No,No,Yes,No
"German, Ice Cream",No,Yes,Yes,No
Goan,Yes,Yes,No,Yes
"Goan, Mangalorean, Continental, French",No,Yes,No,No
"Goan, Seafood",Yes,No,No,Yes
Greek,Yes,Yes,No,Yes
"Greek, Lebanese",Yes,Yes,No,No
"Greek, Mediterranean",Yes,Yes,No,No
"Greek, Mediterranean, Middle Eastern",No,Yes,No,Yes
"Greek, Mediterranean, Vegetarian",Yes,No,Yes,No
Gujarati,Yes,No,Yes,No
"Gujarati, Rajasthani",Yes,No,Yes,Yes
Hawaiian,No,Yes,Yes,Yes
"Hawaiian, Seafood",Yes,Yes,No,No
"Hawaiian, Seafood, Steak",No,No,Yes,Yes
Healthy Food,No,Yes,Yes,Yes
Hyderabadi,No,Yes,No,Yes
"Hyderabadi, Awadhi",No,No,No,No
Ice Cream,No,Yes,Yes,No
Indian,No,No,No,No
Indonesian,Yes,Yes,Yes,No
International,Yes,Yes,No,Yes
"International, Mediterranean, Sandwich",Yes,No,Yes,Yes
"International, Pizza",No,No,No,Yes
"International, Southern",Yes,No,No,Yes
"International, Southern, Vegetarian",Yes,Yes,No,Yes
"International, Tapas, Vegetarian",No,No,No,Yes
Irish,No,Yes,Yes,Yes
Italian,Yes,Yes,Yes,Yes
Japanese,No,Yes,Yes,No
"Japanese, French",No,No,Yes,Yes
"Japanese, Korean",Yes,Yes,No,No
"Japanese, Seafood, Sushi",Yes,Yes,No,Yes
"Japanese, Steak",No,Yes,No,No
"Japanese, Steak, Sushi",No,Yes,Yes,Yes
"Japanese, Sushi",Yes,No,Yes,No
"Japanese, Sushi, Ramen",Yes,Yes,Yes,No
"Japanese, Sushi, Teriyaki",Yes,No,Yes,No
"Japanese, Sushi, Thai",Yes,No,No,Yes
"Japanese, Thai, Sushi",No,No,No,Yes
"Japanese, Tibetan, Vietnamese, Korean",Yes,Yes,Yes,Yes
Juices,Yes,No,Yes,No
Kashmiri,No,No,No,No
"Kashmiri, Mughlai",Yes,No,Yes,Yes
Kebab,Yes,Yes,No,No
"Kebab, Izgara",No,Yes,No,Yes
"Kebab, Turkish Pizza",Yes,Yes,Yes,Yes
"Kebab, Turkish Pizza, Dí_ner",No,Yes,Yes,No
Kerala,Yes,No,Yes,Yes
"Kiwi, European",No,No,Yes,Yes
Korean,No,No,Yes,No
Lebanese,Yes,No,Yes,Yes
"Lebanese, Arabian",Yes,Yes,Yes,Yes
"Lebanese, Arabian, Middle Eastern",No,No,Yes,Yes
"Lebanese, Arabian, Moroccan",No,Yes,No,No
"Lebanese, Mediterranean, Arabian",Yes,Yes,Yes,Yes
"Lebanese, Mediterranean, Middle Eastern, Arabian",No,Yes,Yes,No
Lucknowi,Yes,No,Yes,No
"Lucknowi, Mughlai",Yes,Yes,Yes,No
Maharashtrian,Yes,No,Yes,Yes
Malaysian,Yes,No,No,No
"Malaysian, Indonesian",No,No,No,Yes
"Malaysian, Thai",Yes,No,Yes,Yes
"Malaysian, Thai, Kerala, Vietnamese, Sri Lankan",Yes,Yes,No,No
Mediterranean,Yes,No,Yes,Yes
"Mediterranean, Continental",No,Yes,No,Yes
"Mediterranean, European",Yes,No,No,No
"Mediterranean, Seafood",Yes,Yes,Yes,No
"Mediterranean, Tapas, Vegetarian",Yes,No,No,Yes
"Mediterranean, Turkish",No,Yes,No,Yes
Mexican,Yes,No,No,No
"Mexican, Grill",Yes,Yes,Yes,Yes
"Mexican, Southwestern, Sushi",Yes,Yes,Yes,Yes
"Mexican, Southwestern, Tex-Mex",No,Yes,Yes,No
"Mexican, Spanish",Yes,No,Yes,Yes
"Mexican, Tex-Mex",Yes,Yes,No,Yes
"Mexican, Vegetarian",Yes,Yes,Yes,Yes
"Middle Eastern, Arabian",No,No,Yes,Yes
Mithai,Yes,Yes,No,Yes
Modern Australian,Yes,No,Yes,Yes
"Modern Australian, Australian",Yes,Yes,No,Yes
Mughlai,Yes,Yes,Yes,No
"Mughlai, Afghani",No,Yes,Yes,No
"Mughlai, Hyderabadi",Yes,Yes,Yes,No
"Mughlai, Lucknowi",Yes,No,No,No
"Mughlai, Lucknowi, Awadhi",No,Yes,Yes,Yes
Naga,Yes,Yes,No,Yes
"Naga, Tibetan",No,No,No,Yes
Nepalese,Yes,No,No,Yes
"Nepalese, Tibetan",Yes,Yes,Yes,Yes
North Eastern,Yes,No,Yes,No
Oriya,No,No,No,No
Pakistani,Yes,No,Yes,Yes
Parsi,Yes,No,Yes,Yes
"Parsi, Iranian",Yes,Yes,Yes,Yes
"Patisserie, Coffee and Tea",Yes,Yes,No,Yes
"Peranakan, Indonesian",No,Yes,Yes,No
Pizza,Yes,Yes,Yes,Yes
"Pizza, Bar Food",Yes,Yes,No,Yes
"Pizza, Bar Food, Sandwich",Yes,Yes,Yes,Yes
"Pizza, Grill",Yes,Yes,Yes,Yes
"Pizza, Ice Cream",Yes,Yes,Yes,No
"Pizza, Sandwich",No,Yes,Yes,Yes
"Pizza, Sandwich, Vegetarian",Yes,Yes,Yes,No
"Pizza, Seafood, Steak",No,No,Yes,No
"Portuguese, African",No,No,No,No
"Portuguese, African, Lebanese",No,Yes,Yes,Yes
Pub Food,Yes,Yes,No,Yes
Rajasthani,No,No,No,Yes
"Rajasthani, Gujarati, Mughlai",No,Yes,Yes,Yes
"Ramen, Japanese",Yes,Yes,No,No
Raw Meats,No,Yes,Yes,No
"Salad, Continental",Yes,Yes,Yes,Yes
Sandwich,No,Yes,Yes,No
"Sandwich, Seafood, Cajun",Yes,Yes,Yes,No
"Sandwich, Seafood, Steak",Yes,Yes,No,No
"Sandwich, Sushi, Tapas",Yes,No,Yes,No
Seafood,No,No,No,No
"Seafood, African, Sushi",Yes,Yes,Yes,Yes
"Seafood, Bar Food, Brazilian",No,No,Yes,No
"Seafood, Continental, European",No,Yes,No,Yes
"Seafood, Continental, European, German",Yes,Yes,No,No
"Seafood, French",No,Yes,No,Yes
"Seafood, Japanese, Sushi",Yes,No,Yes,Yes
"Seafood, Kiwi",Yes,Yes,No,No
"Seafood, Mediterranean",No,Yes,Yes,No
"Seafood, Southern",Yes,Yes,Yes,Yes
"Seafood, Steak",Yes,No,Yes,No
"Seafood, Steak, Vegetarian",No,Yes,No,Yes
"Seafood, Sushi",No,No,Yes,Yes
"Seafood, Tapas, Bar Food",Yes,Yes,No,Yes
"Seafood, Western",Yes,Yes,Yes,No
"Singaporean, Australian, German",No,No,Yes,No
Southern,Yes,Yes,No,Yes
"Southern, Cajun, Soul Food",No,No,No,No
"Spanish, Tapas",Yes,No,No,Yes
Sri Lankan,No,No,No,Yes
Steak,Yes,No,Yes,No
"Steak, BBQ",No,No,Yes,No
"Steak, Scottish, British",No,No,No,No
"Steak, Seafood, Grill",Yes,No,Yes,Yes
"Steak, Tapas, Bar Food",No,Yes,No,No
Street Food,No,Yes,No,No
"Sunda, Indonesian",No,Yes,No,Yes
Sushi,Yes,No,Yes,Yes
"Sushi, Japanese",No,Yes,Yes,No
"Sushi, Japanese, Cantonese",Yes,Yes,No,No
"Sushi, Teriyaki",Yes,No,Yes,Yes
"Sushi, Thai",Yes,Yes,Yes,Yes
Tapas,Yes,Yes,No,Yes
Tea,Yes,No,Yes,No
"Tea, Modern Australian",No,Yes,No,No
Thai,No,No,Yes,Yes
"Thai, Japanese",Yes,Yes,No,No
Tibetan,Yes,Yes,No,Yes
"Tibetan, Nepalese",No,No,Yes,Yes
Turkish,No,No,Yes,Yes
Turkish Pizza,No,No,No,No
"Turkish, Arabian, Middle Eastern",No,Yes,No,No
"Turkish, Arabian, Moroccan, Lebanese",No,Yes,No,Yes
"Turkish, Mediterranean, Middle Eastern",Yes,No,Yes,No
Vietnamese,Yes,Yes,Yes,No
"Vietnamese, Fish and Chips",Yes,Yes,Yes,Yes
World Cuisine,No,Yes,Yes,No
